City ID,City,Country,Date,Lat,Lng,Max Temp,Humidity,Cloudiness,Wind Speed
0,Qaqortoq,GL,2021-12-20 22:01:55,60.7167,-46.0333,50.5,72,71,14.12
1,Lazaro Cardenas,MX,2021-12-20 22:01:56,17.9583,-102.2,83.41,64,25,7.09
2,Dale,US,2021-12-20 22:01:57,38.1689,-86.99,42.58,65,1,3.44
3,Nizhnyaya Poyma,RU,2021-12-20 22:01:57,56.1622,97.1933,-9.81,89,100,7.4
4,Hobart,AU,2021-12-20 22:00:18,-42.8794,147.3294,62.46,53,75,13.8
5,Talnakh,RU,2021-12-20 22:01:58,69.4865,88.3972,-29.79,93,63,4.09
6,Puerto Ayora,EC,2021-12-20 22:01:58,-0.7393,-90.3518,71.55,91,88,7.0
7,Hobyo,SO,2021-12-20 22:01:59,5.3505,48.5268,78.24,81,78,17.96
8,Yar-Sale,RU,2021-12-20 22:01:59,66.8333,70.8333,-20.67,99,99,11.54
9,Ust-Maya,RU,2021-12-20 22:02:02,60.4167,134.5333,-33.09,99,100,1.88
10,Busselton,AU,2021-12-20 22:02:03,-33.65,115.3333,61.09,85,83,11.3
11,Chokurdakh,RU,2021-12-20 22:02:03,70.6333,147.9167,-5.46,96,100,14.12
12,Xunchang,CN,2021-12-20 22:02:04,28.4543,104.715,44.06,82,5,2.08
13,Arraial Do Cabo,BR,2021-12-20 22:02:04,-22.9661,-42.0278,73.85,77,5,14.18
14,Yellowknife,CA,2021-12-20 22:01:26,62.456,-114.3525,-30.71,80,16,2.15
15,Mataura,NZ,2021-12-20 22:02:06,-46.1927,168.8643,59.49,97,100,9.01
16,Yumen,CN,2021-12-20 22:02:06,40.2833,97.2,26.26,27,31,13.11
17,Damietta,EG,2021-12-20 22:02:06,31.4165,31.8133,54.37,67,68,21.14
18,Bahia De Caraquez,EC,2021-12-20 22:02:07,-0.6,-80.4167,75.81,82,100,7.65
19,Abong Mbang,CM,2021-12-20 22:02:07,3.9833,13.1833,72.32,46,78,2.86
20,Aklavik,CA,2021-12-20 22:02:07,68.2191,-135.0107,12.2,85,90,4.61
21,Georgetown,MY,2021-12-20 22:02:08,5.4112,100.3354,78.89,87,20,0.0
22,Vardo,NO,2021-12-20 22:02:08,70.3705,31.1107,23.2,60,100,14.45
23,Thompson,CA,2021-12-20 22:02:08,55.7435,-97.8558,-13.43,93,84,6.46
24,Sur,OM,2021-12-20 22:02:08,22.5667,59.5289,70.48,65,21,7.52
25,Airai,TL,2021-12-20 22:02:10,-8.9266,125.4092,62.53,93,100,0.4
26,Atuona,PF,2021-12-20 22:02:10,-9.8,-139.0333,77.94,72,1,10.92
27,Punta Arenas,CL,2021-12-20 22:02:11,-53.15,-70.9167,55.11,54,99,24.76
28,La Ronge,CA,2021-12-20 22:00:08,55.1001,-105.2842,-0.44,94,95,3.96
29,Ancud,CL,2021-12-20 22:02:12,-41.8697,-73.8203,71.22,61,0,5.53
30,Dunedin,NZ,2021-12-20 22:00:32,-45.8742,170.5036,66.94,51,0,12.12
31,Dudinka,RU,2021-12-20 22:02:13,69.4058,86.1778,-29.38,100,70,1.66
32,Saint-Philippe,RE,2021-12-20 22:02:13,-21.3585,55.7679,76.59,86,92,9.28
33,Albany,US,2021-12-20 22:00:17,42.6001,-73.9662,32.67,65,49,3.58
34,Kavieng,PG,2021-12-20 22:02:14,-2.5744,150.7967,82.69,76,100,13.24
35,Bundaberg,AU,2021-12-20 22:02:15,-24.85,152.35,82.22,67,80,1.99
36,Swan Hill,AU,2021-12-20 22:02:16,-35.3378,143.5544,69.3,42,1,7.47
37,Goundam,ML,2021-12-20 22:02:16,16.4145,-3.6708,71.2,12,73,10.8
38,Rikitea,PF,2021-12-20 22:02:16,-23.1203,-134.9692,75.92,78,100,17.58
39,Bluff,NZ,2021-12-20 22:02:16,-46.6,168.3333,59.81,71,65,33.6
40,Adeje,ES,2021-12-20 22:02:17,28.1227,-16.726,70.3,78,20,12.66
41,Hilo,US,2021-12-20 21:58:31,19.7297,-155.09,78.28,1,84,6.02
42,Severo-Kurilsk,RU,2021-12-20 22:02:17,50.6789,156.125,22.37,69,100,4.41
43,Yakeshi,CN,2021-12-20 22:03:18,49.2833,120.7333,-25.78,98,6,4.56
44,Partenit,UA,2021-12-20 22:03:18,44.578,34.3446,37.27,73,100,8.75
45,Carutapera,BR,2021-12-20 22:03:19,-1.195,-46.02,79.32,80,100,7.11
46,Qaanaaq,GL,2021-12-20 22:03:19,77.484,-69.3632,26.38,58,100,11.63
47,Westport,US,2021-12-20 22:01:14,41.1415,-73.3579,35.74,56,10,5.01
48,Aguimes,ES,2021-12-20 22:03:19,27.9054,-15.4461,63.23,88,40,8.05
49,Vaini,TO,2021-12-20 22:03:20,-21.2,-175.2,86.16,79,40,11.5
50,Meulaboh,ID,2021-12-20 22:03:20,4.1363,96.1285,75.7,91,100,1.5
51,Saskylakh,RU,2021-12-20 22:03:21,71.9167,114.0833,-9.2,96,98,7.2
52,Upernavik,GL,2021-12-20 22:03:21,72.7868,-56.1549,32.38,66,100,8.05
53,Kedrovyy,RU,2021-12-20 22:03:21,56.1667,91.8167,-10.79,97,100,4.72
54,Norman Wells,CA,2021-12-20 22:03:22,65.282,-126.8329,-3.96,77,90,9.22
55,Soyo,AO,2021-12-20 22:03:22,-6.1349,12.3689,77.88,89,88,7.65
56,Oostburg,US,2021-12-20 22:03:22,43.6228,-87.7945,37.6,67,90,9.22
57,Hokitika,NZ,2021-12-20 22:03:23,-42.7167,170.9667,61.66,74,15,15.28
58,Seoul,KR,2021-12-20 22:02:16,37.5683,126.9778,45.84,96,3,0.96
59,Erzin,TR,2021-12-20 22:03:23,36.9559,36.2,41.72,89,85,1.63
60,Kruisfontein,ZA,2021-12-20 22:03:24,-34.0033,24.7314,67.89,81,95,10.6
61,Barrow,US,2021-12-20 22:03:24,71.2906,-156.7887,10.42,72,90,33.38
62,Naze,JP,2021-12-20 22:03:24,28.3667,129.4833,56.32,58,100,5.84
63,Khatanga,RU,2021-12-20 22:03:25,71.9667,102.5,-15.29,97,98,11.07
64,Yerbogachen,RU,2021-12-20 22:03:26,61.2767,108.0108,-27.42,99,99,3.76
65,La Libertad,EC,2021-12-20 22:03:26,-2.2333,-80.9,76.66,73,20,9.22
66,Santa Fe,AR,2021-12-20 21:59:13,-31.6333,-60.7,96.03,33,81,7.0
67,Constitucion,CL,2021-12-20 22:00:56,-35.3333,-72.4167,67.5,63,18,18.54
68,Kavaratti,IN,2021-12-20 22:03:27,10.5669,72.642,79.79,69,87,5.39
69,Cabo San Lucas,MX,2021-12-20 22:03:03,22.8909,-109.9124,78.51,53,75,5.01
70,Black River,JM,2021-12-20 22:03:27,18.0264,-77.8487,81.99,69,5,3.06
71,Praia,CV,2021-12-20 22:01:06,14.9215,-23.5087,72.14,83,90,14.97
72,Ushuaia,AR,2021-12-20 22:03:27,-54.8,-68.3,48.76,77,79,8.97
73,Boddam,GB,2021-12-20 22:03:28,57.4667,-1.7833,39.58,74,100,5.93
74,Port Augusta,AU,2021-12-20 22:03:28,-32.5,137.7667,72.72,58,1,11.97
75,Bambous Virieux,MU,2021-12-20 22:03:28,-20.3428,57.7575,76.21,79,71,6.78
76,Moyale,KE,2021-12-20 22:03:30,3.5167,39.0584,70.21,65,94,4.56
77,Bubaque,GW,2021-12-20 22:03:30,11.2833,-15.8333,81.25,68,27,8.68
78,Esso,RU,2021-12-20 22:03:30,55.9333,158.7,-2.87,98,69,4.54
79,Petropavlovsk-Kamchatskiy,RU,2021-12-20 22:03:31,53.0452,158.6483,3.79,78,0,8.95
80,Mandalgovi,MN,2021-12-20 22:03:32,45.7625,106.2708,15.37,61,98,5.82
81,Karratha,AU,2021-12-20 22:03:33,-20.7377,116.8463,84.43,61,34,7.74
82,Sao Joao Da Barra,BR,2021-12-20 22:03:33,-21.6403,-41.0511,73.69,78,9,9.91
83,Hithadhoo,MV,2021-12-20 22:03:33,-0.6,73.0833,82.24,71,100,2.51
84,Ostersund,SE,2021-12-20 22:03:34,63.1792,14.6357,19.62,100,100,5.75
85,Hami,CN,2021-12-20 22:03:34,42.8,93.45,23.88,55,100,1.66
86,Dikson,RU,2021-12-20 22:03:34,73.5069,80.5464,-19.88,94,100,13.35
87,Bengkulu,ID,2021-12-20 22:03:35,-3.8004,102.2655,77.11,89,99,2.26
88,Kisangani,CD,2021-12-20 22:04:35,0.5167,25.2,73.38,81,95,0.94
89,Tilichiki,RU,2021-12-20 22:04:36,60.4667,166.1,1.2,96,100,8.52
90,Gweta,BW,2021-12-20 22:04:37,-20.1833,25.2333,74.84,63,100,5.99
91,Hualmay,PE,2021-12-20 22:04:38,-11.0964,-77.6139,71.76,72,12,10.56
92,Ribeira Grande,PT,2021-12-20 22:04:39,38.5167,-28.7,61.18,76,91,30.18
93,Jamestown,US,2021-12-20 22:00:44,42.097,-79.2353,36.01,60,84,5.99
94,Cape Town,ZA,2021-12-20 22:02:30,-33.9258,18.4232,72.12,73,100,1.99
95,Campo Grande,BR,2021-12-20 22:04:14,-20.4428,-54.6464,85.55,39,20,9.22
96,Husavik,IS,2021-12-20 22:04:40,66.0449,-17.3389,32.72,90,55,3.15
97,Cuamba,MZ,2021-12-20 22:04:40,-14.8031,36.5372,70.81,94,94,3.56
98,Carnarvon,AU,2021-12-20 22:04:40,-24.8667,113.6333,73.47,78,5,14.97
99,Geraldton,AU,2021-12-20 22:04:41,-28.7667,114.6,70.21,78,99,12.66
100,Nsanje,MW,2021-12-20 22:04:41,-16.92,35.262,72.63,93,31,3.53
101,Watertown,US,2021-12-20 22:04:41,42.3709,-71.1828,32.81,54,1,1.01
102,Verkhnetulomskiy,RU,2021-12-20 22:04:42,68.6073,31.7962,-2.07,98,95,2.77
103,Mantua,IT,2021-12-20 22:04:42,45.1667,10.7833,46.71,91,11,3.0
104,San Patricio,US,2021-12-20 22:04:43,28.017,-97.5169,64.81,46,0,6.11
105,Faanui,PF,2021-12-20 22:04:45,-16.4833,-151.75,80.15,74,3,9.01
106,Butaritari,KI,2021-12-20 22:04:45,3.0707,172.7902,81.97,69,100,12.68
107,Nanortalik,GL,2021-12-20 22:04:46,60.1432,-45.2371,42.33,77,46,36.22
108,Puerto Penasco,MX,2021-12-20 22:03:28,31.3167,-113.5333,65.91,43,1,4.0
109,Taebla,EE,2021-12-20 22:04:47,58.9547,23.7419,23.99,79,97,8.61
110,Tuktoyaktuk,CA,2021-12-20 22:04:48,69.4541,-133.0374,0.36,95,100,15.43
111,Hermanus,ZA,2021-12-20 22:04:48,-34.4187,19.2345,71.91,85,90,15.05
112,Jiayuguan,CN,2021-12-20 22:04:49,39.8167,98.3,24.24,22,3,1.72
113,Nome,US,2021-12-20 22:04:49,64.5011,-165.4064,21.27,79,20,13.8
114,Klaksvik,FO,2021-12-20 22:04:50,62.2266,-6.589,40.12,77,98,7.52
115,Touros,BR,2021-12-20 22:04:50,-5.1989,-35.4608,83.3,75,93,14.38
116,Puerto Escondido,MX,2021-12-20 22:04:51,15.85,-97.0667,85.03,61,1,10.36
117,Saint George,US,2021-12-20 22:04:51,37.1041,-113.5841,59.47,38,1,1.01
118,Sao Filipe,CV,2021-12-20 22:04:52,14.8961,-24.4956,74.84,78,100,10.38
119,New Norfolk,AU,2021-12-20 22:04:52,-42.7826,147.0587,62.1,54,94,8.01
120,Wageningen,NL,2021-12-20 22:04:53,51.9667,5.6667,36.9,96,49,2.3
121,Hasaki,JP,2021-12-20 22:04:53,35.7333,140.8333,32.4,59,7,8.68
122,Gazanjyk,TM,2021-12-20 22:04:53,39.2446,55.5154,57.29,42,100,5.77
123,Verkhnyaya Inta,RU,2021-12-20 22:04:54,65.9811,60.3094,-5.84,79,100,19.22
124,Murgab,TM,2021-12-20 22:04:54,37.4966,61.9714,58.96,47,59,13.94
125,Luderitz,NA,2021-12-20 22:04:55,-26.6481,15.1594,59.85,87,0,1.81
126,Itarema,BR,2021-12-20 22:04:55,-2.9248,-39.9167,80.58,76,65,15.01
127,Arlit,NE,2021-12-20 22:04:55,18.7369,7.3853,62.13,20,19,11.12
128,Inta,RU,2021-12-20 22:04:56,66.0317,60.1659,-5.33,79,100,21.16
129,Victoria,HK,2021-12-20 22:04:56,22.2855,114.1577,63.25,94,100,1.01
130,Kailua,US,2021-12-20 22:04:56,21.4022,-157.7394,80.58,71,79,22.15
131,Katsuura,JP,2021-12-20 22:05:57,35.1333,140.3,42.91,71,0,6.02
132,Maxixe,MZ,2021-12-20 22:05:57,-23.8597,35.3472,73.65,74,95,8.03
133,Tiksi,RU,2021-12-20 22:05:58,71.6872,128.8694,-14.35,98,91,8.57
134,Bethel,US,2021-12-20 22:01:30,41.3712,-73.414,33.76,51,11,1.01
135,Ponta Do Sol,PT,2021-12-20 22:05:58,32.6667,-17.1,70.0,94,89,17.94
136,Champerico,GT,2021-12-20 22:05:58,14.3,-91.9167,83.35,67,38,7.87
137,Vostok,RU,2021-12-20 22:05:59,46.4856,135.8833,11.79,97,100,2.15
138,Milkovo,RU,2021-12-20 22:06:00,54.7167,158.6167,-8.72,96,27,2.53
139,Sorland,NO,2021-12-20 22:06:00,67.667,12.6934,33.87,65,100,14.88
140,Zyryanka,RU,2021-12-20 22:06:01,65.75,150.85,-31.34,89,100,11.07
141,Lata,PT,2021-12-20 22:06:01,40.1629,-8.3327,56.91,95,100,6.17
142,Ileza,RU,2021-12-20 22:06:01,61.0533,43.9002,-5.39,96,100,7.09
143,Port Lincoln,AU,2021-12-20 22:06:02,-34.7333,135.8667,62.37,77,49,4.14
144,Saldanha,ZA,2021-12-20 22:06:02,-33.0117,17.9442,65.95,80,100,3.98
145,Kayerkan,RU,2021-12-20 22:06:03,69.3497,87.7602,-30.48,74,57,1.72
146,Iqaluit,CA,2021-12-20 22:06:03,63.7506,-68.5145,-11.29,95,57,8.61
147,Dingle,PH,2021-12-20 22:06:03,10.9995,122.6711,73.92,95,100,6.62
148,Kapaa,US,2021-12-20 22:06:05,22.0752,-159.319,80.58,74,75,4.0
149,Palmer,US,2021-12-20 22:01:13,42.1584,-72.3287,32.61,54,17,4.68
150,Shakawe,BW,2021-12-20 22:06:05,-18.3667,21.85,72.46,66,22,6.31
151,Evensk,RU,2021-12-20 22:06:06,61.95,159.2333,-15.86,82,89,3.74
152,Te Anau,NZ,2021-12-20 22:06:06,-45.4167,167.7167,54.88,91,100,9.86
153,Onguday,RU,2021-12-20 22:06:06,50.75,86.15,11.84,97,100,2.21
154,Midland,US,2021-12-20 22:01:43,31.9974,-102.0779,68.05,11,1,11.5
155,Plouzane,FR,2021-12-20 22:06:07,48.3833,-4.6167,37.72,87,90,4.61
156,Lavrentiya,RU,2021-12-20 22:06:07,65.5833,-171.0,-7.55,84,9,8.52
157,Waipawa,NZ,2021-12-20 22:06:08,-41.4122,175.5153,67.46,68,76,20.87
158,Namibe,AO,2021-12-20 22:06:09,-15.1961,12.1522,69.75,71,3,7.2
159,Provideniya,RU,2021-12-20 22:06:09,64.3833,-173.3,8.71,72,0,4.47
160,Kirakira,SB,2021-12-20 22:06:09,-10.4544,161.9205,81.52,84,100,4.14
161,Richards Bay,ZA,2021-12-20 22:06:10,-28.783,32.0377,70.52,82,98,6.17
162,Sinnamary,GF,2021-12-20 22:06:10,5.3833,-52.95,78.96,87,100,7.09
163,Hamilton,US,2021-12-20 22:06:11,39.1834,-84.5333,43.77,63,1,1.01
164,Hambantota,LK,2021-12-20 22:06:11,6.1241,81.1185,75.54,100,0,2.3
165,Sibolga,ID,2021-12-20 22:06:11,1.7427,98.7792,74.57,88,100,3.31
166,Guerrero Negro,MX,2021-12-20 22:06:12,27.9769,-114.0611,72.21,27,46,5.06
167,Wodonga,AU,2021-12-20 22:06:12,-36.1167,146.8833,72.1,78,12,4.0
168,Ternate,ID,2021-12-20 22:06:12,0.8,127.4,80.55,83,100,9.4
169,Nikolskoye,RU,2021-12-20 22:06:13,59.7035,30.7861,7.02,95,100,6.93
170,Kodiak,US,2021-12-20 22:06:13,57.79,-152.4072,36.91,75,20,4.61
171,Belyy Yar,RU,2021-12-20 22:06:15,53.6039,91.3903,21.85,79,40,2.24
172,Gornyy,RU,2021-12-20 22:06:15,55.1153,83.9059,3.78,99,100,2.19
173,Novaya Malykla,RU,2021-12-20 22:06:15,54.2,49.95,20.68,94,20,6.33
174,Khirkiya,IN,2021-12-20 22:06:16,22.1674,76.8605,53.24,31,0,4.38
175,Kaeo,NZ,2021-12-20 22:06:16,-35.1,173.7833,68.54,67,100,3.49
176,Sitka,US,2021-12-20 22:07:16,57.0531,-135.33,33.69,75,75,0.0
177,Leningradskiy,RU,2021-12-20 22:07:17,69.3833,178.4167,-15.95,73,100,11.9
178,Luanda,AO,2021-12-20 22:02:29,-8.8368,13.2343,77.11,81,50,7.81
179,Sistranda,NO,2021-12-20 22:06:30,63.7256,8.834,37.36,92,100,14.43
180,Ola,RU,2021-12-20 22:07:17,59.5833,151.2833,0.14,94,100,7.05
181,Lubumbashi,CD,2021-12-20 22:07:17,-11.6609,27.4794,63.19,98,100,3.27
182,Isangel,VU,2021-12-20 22:07:18,-19.55,169.2667,83.37,75,15,9.57
183,Mamakan,RU,2021-12-20 22:07:18,57.8161,114.0028,-37.5,98,84,1.79
184,Pokhara,NP,2021-12-20 22:02:49,28.2333,83.9833,50.86,30,35,4.5
185,East London,ZA,2021-12-20 22:07:18,-33.0153,27.9116,70.79,85,62,15.57
186,Torbay,CA,2021-12-20 22:05:28,47.6666,-52.7314,24.58,77,100,5.01
187,Erdenet,MN,2021-12-20 22:07:19,49.0333,104.0833,2.53,93,78,1.32
188,Atar,MR,2021-12-20 22:07:19,20.5169,-13.0499,71.82,38,100,13.78
189,Maumere,ID,2021-12-20 22:07:19,-8.6199,122.2111,82.08,79,100,4.47
190,Durban,ZA,2021-12-20 22:05:45,-29.8579,31.0292,72.01,91,99,4.0
191,Moron,AR,2021-12-20 22:07:20,-34.6534,-58.6198,86.02,66,0,5.99
192,Beringovskiy,RU,2021-12-20 22:07:20,63.05,179.3167,-10.12,97,52,4.32
193,Catanzaro,IT,2021-12-20 22:07:20,38.8908,16.5987,50.36,69,29,6.58
194,East Wenatchee Bench,US,2021-12-20 22:07:21,47.4257,-120.2812,33.13,85,90,0.0
195,Tigil,RU,2021-12-20 22:07:21,57.8,158.6667,-6.45,99,49,4.18
196,Rawson,AR,2021-12-20 22:07:21,-43.3002,-65.1023,74.1,45,1,28.23
197,Moose Factory,CA,2021-12-20 22:07:22,51.2585,-80.6094,13.98,73,90,13.8
198,Canguaretama,BR,2021-12-20 22:07:22,-6.38,-35.1289,80.02,77,53,11.18
199,Niamey,NE,2021-12-20 22:07:22,13.5137,2.1098,72.37,16,54,10.4
200,Ballina,AU,2021-12-20 22:02:34,-28.8667,153.5667,80.78,87,14,9.04
201,Imbituba,BR,2021-12-20 22:07:23,-28.24,-48.6703,76.89,81,53,15.1
202,Port Hardy,CA,2021-12-20 22:05:55,50.6996,-127.4199,38.75,55,3,5.03
203,Toora-Khem,RU,2021-12-20 22:07:23,52.4675,96.11,14.95,96,100,1.63
204,Panacan,PH,2021-12-20 22:07:24,9.2463,118.4082,78.19,86,81,6.15
205,Pevek,RU,2021-12-20 22:07:24,69.7008,170.3133,-12.87,95,100,20.11
206,Cayenne,GF,2021-12-20 22:07:25,4.9333,-52.3333,82.44,82,0,4.0
207,Otane,NZ,2021-12-20 22:07:25,-39.8833,176.6333,73.38,40,72,6.71
208,Uirauna,BR,2021-12-20 22:07:25,-6.5183,-38.4122,89.4,32,97,5.64
209,Schwarzenberg,DE,2021-12-20 22:07:26,50.55,12.7833,32.58,93,100,2.33
210,Narsaq,GL,2021-12-20 22:07:26,60.9167,-46.05,50.22,62,41,15.59
211,Kolosovka,RU,2021-12-20 22:07:26,56.4678,73.611,10.98,98,94,6.26
212,Faya,SA,2021-12-20 22:07:27,18.3851,42.4509,54.12,86,66,3.69
213,Takhtamygda,RU,2021-12-20 22:07:27,54.1,123.5667,-25.22,91,19,3.15
214,Poronaysk,RU,2021-12-20 22:07:27,49.2167,143.1167,-4.38,97,89,4.63
215,Ilulissat,GL,2021-12-20 22:07:28,69.2167,-51.1,48.22,37,100,13.8
216,Okhotsk,RU,2021-12-20 22:07:28,59.3833,143.3,-2.0,97,100,2.19
217,Aurora,US,2021-12-20 22:03:08,39.7294,-104.8319,62.65,17,20,5.99
218,Jalu,LY,2021-12-20 22:07:28,29.0331,21.5482,53.2,54,23,8.7
219,Ust-Omchug,RU,2021-12-20 22:07:29,61.15,149.6333,-23.17,92,100,3.49
220,Saint-Joseph,RE,2021-12-20 22:07:29,-21.3667,55.6167,75.58,85,93,9.28
221,Waingapu,ID,2021-12-20 22:07:29,-9.6567,120.2641,81.0,82,87,5.88
222,Shieli,KZ,2021-12-20 22:07:30,44.1667,66.75,40.17,84,60,8.5
223,Aripuana,BR,2021-12-20 22:06:31,-9.1667,-60.6333,75.72,96,100,0.72
224,Kaitangata,NZ,2021-12-20 22:08:30,-46.2817,169.8464,55.85,93,70,13.18
225,Cairns,AU,2021-12-20 22:08:31,-16.9167,145.7667,85.1,74,75,8.05
226,Porto Novo,BJ,2021-12-20 22:08:31,6.4965,2.6036,78.96,66,51,3.85
227,Kamenka,RU,2021-12-20 22:08:31,51.3223,42.7678,25.75,94,73,7.94
228,Mar Del Plata,AR,2021-12-20 22:07:51,-38.0023,-57.5575,69.1,85,75,3.0
229,Longyearbyen,SJ,2021-12-20 22:08:32,78.2186,15.6401,17.44,79,75,12.66
230,Nalut,LY,2021-12-20 22:08:32,30.3333,10.85,48.38,46,0,3.51
231,Ambilobe,MG,2021-12-20 22:08:32,-13.2,49.05,75.13,90,100,2.73
232,Castro,BR,2021-12-20 22:08:33,-24.7911,-50.0119,67.91,54,3,2.39
233,Yulara,AU,2021-12-20 22:08:33,-25.2406,130.9889,78.64,24,0,12.66
234,Seydi,TM,2021-12-20 22:08:34,39.4816,62.9137,54.63,60,44,16.84
235,Taltal,CL,2021-12-20 22:08:34,-25.4,-70.4833,65.7,77,72,4.23
236,Adrar,MR,2021-12-20 22:08:34,20.5022,-10.0711,71.55,28,100,7.09
237,Fort Smith,US,2021-12-20 22:03:43,35.3859,-94.3986,43.43,78,90,0.0
238,Maralal,KE,2021-12-20 22:08:35,1.0968,36.698,59.11,88,100,8.43
239,Hay River,CA,2021-12-20 22:08:35,60.8156,-115.7999,-11.6,98,99,2.89
240,Anadyr,RU,2021-12-20 22:08:36,64.75,177.4833,-14.3,62,0,6.71
241,Pilane,BW,2021-12-20 22:08:36,-24.45,26.1333,66.78,65,4,5.61
242,Kyren,RU,2021-12-20 22:08:38,51.6828,102.1408,1.2,96,96,1.14
243,Half Moon Bay,US,2021-12-20 22:08:39,37.4636,-122.4286,58.59,70,90,3.0
244,Chuy,UY,2021-12-20 22:08:39,-33.6971,-53.4616,72.19,73,43,9.75
245,Bambanglipuro,ID,2021-12-20 22:08:40,-7.95,110.2833,76.35,88,100,2.82
246,Puerto Del Rosario,ES,2021-12-20 22:08:42,28.5004,-13.8627,67.75,64,20,5.75
247,Mehamn,NO,2021-12-20 22:08:42,71.0357,27.8492,24.71,86,90,8.05
248,Kaliua,TZ,2021-12-20 22:08:43,-5.0606,31.7936,65.12,96,100,3.0
249,Devils Lake,US,2021-12-20 22:08:43,48.1128,-98.8651,3.18,73,1,3.0
250,Collie,AU,2021-12-20 22:08:44,-33.3667,116.15,58.98,83,96,5.84
251,Ginir,ET,2021-12-20 22:08:44,7.1333,40.7,63.1,58,95,2.82
252,Chardara,KZ,2021-12-20 22:08:44,41.2547,67.9692,46.94,73,0,12.46
253,Iquitos,PE,2021-12-20 22:04:42,-3.7481,-73.2472,87.84,70,40,4.61
254,Mount Isa,AU,2021-12-20 22:08:45,-20.7333,139.5,83.97,54,32,6.91
255,Lucea,JM,2021-12-20 22:08:45,18.451,-78.1736,81.86,71,6,11.5
256,Alofi,NU,2021-12-20 22:08:45,-19.0595,-169.9187,82.29,36,75,14.97
257,Coruripe,BR,2021-12-20 22:08:46,-10.1256,-36.1756,80.29,79,83,14.97
258,Namatanai,PG,2021-12-20 22:08:46,-3.6667,152.4333,81.14,79,98,7.18
259,Udachnyy,RU,2021-12-20 22:08:46,66.4167,112.4,-15.56,75,100,6.78
260,Roma,US,2021-12-20 22:06:21,43.2128,-75.4557,34.84,84,1,6.91
261,Ongole,IN,2021-12-20 22:04:28,15.5,80.05,66.83,72,5,5.32
262,Plettenberg Bay,ZA,2021-12-20 22:08:47,-34.0527,23.3716,65.86,94,77,6.98
263,Caravelas,BR,2021-12-20 22:08:47,-17.7125,-39.2481,72.25,94,12,4.68
264,Manggar,ID,2021-12-20 22:08:48,-2.8833,108.2667,76.71,89,100,4.54
265,Clyde River,CA,2021-12-20 22:08:48,70.4692,-68.5914,14.23,100,90,3.44
266,Sungaipenuh,ID,2021-12-20 22:08:48,-2.0833,101.3833,62.4,86,98,2.3
267,Leh,IN,2021-12-20 22:08:48,34.1667,77.5833,8.98,82,97,1.25
268,Pemba,MZ,2021-12-20 22:09:49,-12.974,40.5178,80.31,76,88,4.47
269,Najran,SA,2021-12-20 22:09:49,17.4924,44.1277,61.34,28,2,3.24
270,Batagay-Alyta,RU,2021-12-20 22:09:50,67.8006,130.4114,-22.88,99,100,1.99
271,Banamba,ML,2021-12-20 22:09:51,13.55,-7.45,71.46,16,79,8.61
272,Zhigansk,RU,2021-12-20 22:09:52,66.7697,123.3711,-52.83,100,60,2.17
273,Ajdabiya,LY,2021-12-20 22:09:53,30.7554,20.2263,58.23,74,91,10.98
274,Kuhdasht,IR,2021-12-20 22:09:53,33.535,47.6061,50.88,84,82,21.36
275,Suez,EG,2021-12-20 22:08:16,29.9737,32.5263,52.12,50,3,14.38
276,Port Hedland,AU,2021-12-20 22:09:54,-20.3167,118.5667,80.65,89,39,8.05
277,Korla,CN,2021-12-20 22:09:54,41.7597,86.1469,24.15,54,100,1.3
278,Avarua,CK,2021-12-20 22:07:16,-21.2078,-159.775,82.45,69,40,10.36
279,Vila Velha,BR,2021-12-20 22:09:26,-20.3297,-40.2925,72.95,87,40,3.44
280,Porto Santo,PT,2021-12-20 22:09:56,33.072,-16.3415,69.3,82,40,28.77
281,Catemaco,MX,2021-12-20 22:09:56,18.4167,-95.1167,69.55,91,98,8.43
282,Belaya Gora,RU,2021-12-20 22:09:56,68.5333,146.4167,-7.13,98,100,8.79
283,Fukue,JP,2021-12-20 22:09:57,32.6881,128.8419,58.21,57,100,13.04
284,Boa Vista,BR,2021-12-20 22:09:57,2.8197,-60.6733,87.78,55,75,5.75
285,Saint Anthony,US,2021-12-20 22:09:58,45.0205,-93.218,19.0,58,1,5.01
286,Lorengau,PG,2021-12-20 22:09:58,-2.0226,147.2712,81.21,81,99,4.0
287,Koygorodok,RU,2021-12-20 22:09:58,60.445,50.9968,7.59,94,100,7.47
288,Taoudenni,ML,2021-12-20 22:09:59,22.6783,-3.9836,76.01,18,100,9.73
289,Tiznit,MA,2021-12-20 22:10:00,29.5833,-9.5,61.93,58,25,9.93
290,Mahebourg,MU,2021-12-20 22:10:00,-20.4081,57.7,76.24,79,76,6.38
291,Pisco,PE,2021-12-20 22:10:01,-13.7,-76.2167,71.65,73,20,12.66
292,Axim,GH,2021-12-20 22:10:01,4.8699,-2.2405,79.79,78,71,8.57
293,Padang,ID,2021-12-20 22:10:02,-0.9492,100.3543,73.45,84,47,3.96
294,Ostrovnoy,RU,2021-12-20 22:10:05,68.0531,39.5131,22.35,85,100,21.39
295,Port Elizabeth,ZA,2021-12-20 22:10:05,-33.918,25.5701,70.11,85,73,15.01
296,San Pablo,PH,2021-12-20 22:10:06,14.0669,121.3258,75.92,95,25,3.36
297,Muli,MV,2021-12-20 22:10:06,2.9167,73.5667,80.92,80,89,8.9
298,Nawa,IN,2021-12-20 22:10:06,27.0167,75.0,51.96,20,0,3.44
299,Cacule,BR,2021-12-20 22:10:07,-14.5033,-42.2222,69.85,96,21,4.5
300,Havoysund,NO,2021-12-20 22:10:08,70.9963,24.6622,23.88,82,91,7.45
301,Duartina,BR,2021-12-20 22:10:09,-22.4144,-49.4039,80.04,49,45,2.73
302,Makat,KZ,2021-12-20 22:10:09,47.6469,53.3463,37.26,91,100,12.41
303,Prince Rupert,CA,2021-12-20 22:05:55,54.3161,-130.3201,30.02,51,12,2.3
304,Dharchula,IN,2021-12-20 22:10:11,29.85,80.5333,43.83,33,0,7.94
305,Goryachiy Klyuch,RU,2021-12-20 22:10:12,44.6308,39.13,35.44,98,100,4.25
306,Niigata,JP,2021-12-20 22:10:12,37.9022,139.0236,44.55,81,75,12.66
307,Port Alfred,ZA,2021-12-20 22:10:13,-33.5906,26.891,69.46,90,53,19.19
308,Thinadhoo,MV,2021-12-20 22:10:13,0.5333,72.9333,80.37,81,100,4.97
309,San Jose,US,2021-12-20 22:06:54,37.3394,-121.895,58.53,62,90,8.05
310,Lompoc,US,2021-12-20 22:11:14,34.6391,-120.4579,60.57,67,100,8.99
311,Culfa,AZ,2021-12-20 22:11:14,38.9558,45.6308,44.47,75,100,3.13
312,Pozo Colorado,PY,2021-12-20 22:11:15,-23.4923,-58.7972,99.14,22,19,8.41
313,Tabou,CI,2021-12-20 22:11:16,4.423,-7.3528,80.6,80,46,9.06
314,Asfi,MA,2021-12-20 22:11:16,32.2994,-9.2372,64.17,80,96,7.23
315,Acapulco,MX,2021-12-20 22:10:41,16.8634,-99.8901,85.82,70,40,8.05
316,Buckeye,US,2021-12-20 22:06:20,33.3703,-112.5838,73.85,25,6,11.5
317,Zabol,AF,2021-12-20 22:11:17,32.25,67.25,39.09,37,0,6.04
318,Vila Do Maio,CV,2021-12-20 22:11:18,15.1333,-23.2167,72.39,70,100,12.64
319,Bredasdorp,ZA,2021-12-20 22:11:18,-34.5322,20.0403,68.29,84,90,15.9
320,Jucurutu,BR,2021-12-20 22:11:18,-6.0339,-37.0203,87.1,53,78,11.52
321,Komsomolskiy,UZ,2021-12-20 22:11:18,40.4272,71.7189,31.42,83,27,3.13
322,Riyadh,SA,2021-12-20 22:07:41,24.6877,46.7219,69.94,39,61,9.44
323,Rosarito,MX,2021-12-20 22:11:19,32.3333,-117.0333,74.68,44,77,5.88
324,Nizhniy Ufaley,RU,2021-12-20 22:11:20,55.9153,59.9842,24.03,88,100,6.38
325,Netolice,CZ,2021-12-20 22:11:20,49.0493,14.197,32.45,89,95,3.67
326,Kailahun,SL,2021-12-20 22:11:20,8.2833,-10.5667,71.44,46,13,0.34
327,Monrovia,LR,2021-12-20 22:11:22,6.3005,-10.7969,80.78,83,24,9.17
328,Quincy,US,2021-12-20 22:10:19,42.2529,-71.0023,32.95,54,20,1.99
329,Powell,US,2021-12-20 22:11:23,40.1578,-83.0752,40.17,71,1,3.0
330,Kahului,US,2021-12-20 22:10:11,20.8947,-156.47,80.62,73,20,18.41
331,Port Keats,AU,2021-12-20 22:11:23,-14.25,129.55,81.5,76,100,7.67
332,Urdoma,RU,2021-12-20 22:11:24,61.7533,48.5442,-3.15,96,100,7.58
333,Torit,SS,2021-12-20 22:10:14,4.4133,32.5678,77.67,61,98,1.01
334,Coihaique,CL,2021-12-20 22:11:24,-45.5752,-72.0662,71.55,24,0,9.22
335,Muros,ES,2021-12-20 22:11:25,42.7762,-9.0603,59.85,90,100,8.7
336,Cherskiy,RU,2021-12-20 22:11:25,68.75,161.3,-13.45,97,100,23.22
337,Perevolotskiy,RU,2021-12-20 22:11:25,51.8763,54.1938,29.77,96,100,12.86
338,La Mana,EC,2021-12-20 22:11:26,-0.9333,-79.2167,87.89,93,100,0.29
339,Minturno,IT,2021-12-20 22:11:26,41.2576,13.7237,50.63,72,3,5.88
340,Bria,CF,2021-12-20 22:11:28,6.5423,21.9863,75.04,39,77,4.36
341,Kovernino,RU,2021-12-20 22:11:28,57.1253,43.8142,11.68,94,100,7.43
342,Grand Gaube,MU,2021-12-20 22:11:30,-20.0064,57.6608,76.37,75,66,1.99
343,Quelimane,MZ,2021-12-20 22:11:30,-17.8786,36.8883,76.95,83,75,2.3
344,Vao,NC,2021-12-20 22:11:31,-22.6667,167.4833,76.57,86,82,9.15
345,Kungurtug,RU,2021-12-20 22:11:31,50.5994,97.5228,16.41,97,100,1.72
346,Rudnogorsk,RU,2021-12-20 22:11:32,57.2639,103.7519,-36.9,99,10,2.39
347,Capao Da Canoa,BR,2021-12-20 22:11:33,-29.7456,-50.0097,73.4,83,46,6.91
348,Salekhard,RU,2021-12-20 22:11:33,66.53,66.6019,-21.86,90,100,14.88
349,Rocha,UY,2021-12-20 22:11:33,-34.4833,-54.3333,72.12,72,0,10.31
350,San Quintin,MX,2021-12-20 22:11:34,30.4833,-115.95,65.5,43,88,10.8
351,Quang Ngai,VN,2021-12-20 22:11:35,15.1167,108.8,67.48,89,62,3.38
352,Tasiilaq,GL,2021-12-20 22:11:36,65.6145,-37.6368,37.56,67,94,8.57
353,Tessalit,ML,2021-12-20 22:08:18,20.1986,1.0114,67.96,21,67,11.88
354,Nijar,ES,2021-12-20 22:11:38,36.9665,-2.206,50.65,87,0,2.3
355,Gornozavodsk,RU,2021-12-20 22:11:38,58.3758,58.3211,6.84,95,100,10.49
356,Celestun,MX,2021-12-20 22:11:39,20.8667,-90.4,79.09,76,29,11.72
357,Goderich,CA,2021-12-20 22:11:39,43.7501,-81.7165,37.9,70,99,23.82
358,Port Moresby,PG,2021-12-20 22:12:40,-9.4431,147.1797,78.82,81,89,1.86
359,Cidreira,BR,2021-12-20 22:12:40,-30.1811,-50.2056,73.72,81,44,8.03
360,Shenjiamen,CN,2021-12-20 22:12:40,29.9576,122.298,53.94,69,100,5.82
361,Dubai,AE,2021-12-20 22:10:59,25.2582,55.3047,69.73,73,0,2.3
362,Muisne,EC,2021-12-20 22:12:41,0.6,-80.0333,78.91,89,100,11.32
363,Ostrogozhsk,RU,2021-12-20 22:12:41,50.8664,39.0756,20.7,85,19,5.68
364,Necochea,AR,2021-12-20 22:12:42,-38.5473,-58.7368,66.04,73,31,17.2
365,Abu Dhabi,AE,2021-12-20 22:11:52,24.4667,54.3667,68.97,70,0,3.44
366,Vanimo,PG,2021-12-20 22:12:42,-2.6741,141.3028,77.47,92,100,7.65
367,Baykit,RU,2021-12-20 22:12:42,61.67,96.37,-28.19,99,21,0.98
368,Lebu,CL,2021-12-20 22:12:43,-37.6167,-73.65,59.05,75,2,20.29
369,Carndonagh,IE,2021-12-20 22:12:44,55.25,-7.2667,31.62,86,78,8.28
370,Keelung,TW,2021-12-20 22:12:44,25.1283,121.7419,66.85,88,100,5.08
371,Ritchie,ZA,2021-12-20 22:12:44,-29.038,24.6028,70.47,60,95,7.99
372,Vestmannaeyjar,IS,2021-12-20 22:12:45,63.4427,-20.2734,39.88,80,17,7.45
373,Finschhafen,PG,2021-12-20 22:12:45,-6.6024,147.8681,75.56,88,100,2.91
374,Krasnovishersk,RU,2021-12-20 22:12:45,60.4078,57.082,5.65,95,100,7.72
375,Verkhoyansk,RU,2021-12-20 22:12:47,67.5447,133.385,-42.92,96,99,3.29
376,Imeni Babushkina,RU,2021-12-20 22:12:47,59.7573,43.1285,4.14,93,100,8.5
377,Gallup,US,2021-12-20 22:12:48,35.5281,-108.7426,54.36,15,1,4.61
378,Souillac,MU,2021-12-20 22:12:48,-20.5167,57.5167,76.35,80,83,5.68
379,Marihatag,PH,2021-12-20 22:12:49,8.7936,126.2969,77.88,85,100,4.43
380,Shingu,JP,2021-12-20 22:12:50,33.7333,135.9833,41.92,79,74,5.99
381,San Cristobal,VE,2021-12-20 22:12:50,7.7669,-72.225,75.38,75,92,0.45
382,Markova,UA,2021-12-20 22:12:51,48.6758,24.4138,16.57,90,94,11.72
383,Mugur-Aksy,RU,2021-12-20 22:12:51,50.35,90.5,5.86,86,73,6.98
384,Havelock,US,2021-12-20 22:12:52,34.8791,-76.9013,46.94,78,20,1.01
385,Opuwo,NA,2021-12-20 22:12:52,-18.0607,13.84,74.16,34,5,5.53
386,Roald,NO,2021-12-20 22:12:53,62.5833,6.1333,36.0,93,75,6.91
387,Makakilo City,US,2021-12-20 22:10:41,21.3469,-158.0858,79.12,54,1,10.36
388,Moussoro,TD,2021-12-20 22:12:53,13.6408,16.4901,68.79,19,5,16.46
389,Esperance,AU,2021-12-20 22:12:54,-33.8667,121.9,57.04,75,15,6.42
390,Abha,SA,2021-12-20 22:12:54,18.2164,42.5053,53.85,88,0,8.05
391,Kulhudhuffushi,MV,2021-12-20 22:12:54,6.6221,73.07,81.16,76,9,8.99
392,Viseu,PT,2021-12-20 22:12:55,40.661,-7.9097,51.89,97,100,3.06
393,Balabac,PH,2021-12-20 22:12:56,7.9868,117.0645,80.8,82,100,6.02
394,Lodja,CD,2021-12-20 22:12:57,-3.4833,23.4333,72.12,89,97,0.89
395,Adiake,CI,2021-12-20 22:12:57,5.2863,-3.304,81.99,76,49,7.29
396,Anloga,GH,2021-12-20 22:12:57,5.7947,0.8973,81.95,63,14,8.28
397,Gat,IL,2021-12-20 22:12:58,31.61,34.7642,52.09,100,98,19.57
398,Mastic Beach,US,2021-12-20 22:12:58,40.7668,-72.8521,35.15,62,6,3.0
399,Port-Gentil,GA,2021-12-20 22:12:58,-0.7193,8.7815,81.23,77,88,5.77
400,Ixtapa,MX,2021-12-20 22:12:59,20.7,-105.2,80.22,69,75,8.05
401,Pervomayskiy,RU,2021-12-20 22:12:59,53.2485,40.2871,11.12,95,93,8.46
402,Windhoek,NA,2021-12-20 22:12:58,-22.5594,17.0832,71.11,53,8,1.01
403,Dinguiraye,GN,2021-12-20 22:14:01,11.3,-10.7167,73.0,20,3,3.31
404,Lupiro,TZ,2021-12-20 22:14:01,-8.3833,36.6667,74.64,85,44,5.53
405,Pacifica,US,2021-12-20 22:11:47,37.6138,-122.4869,58.41,72,75,1.99
406,Valparaiso,CL,2021-12-20 22:14:02,-33.0393,-71.6273,68.23,71,0,6.91
407,Amapa,BR,2021-12-20 22:13:15,1.0,-52.0,76.12,90,100,2.53
408,Kolaras,IN,2021-12-20 22:14:03,25.2333,77.6,51.15,26,0,1.79
409,Bathsheba,BB,2021-12-20 22:14:04,13.2167,-59.5167,79.41,69,20,16.11
410,Gaozhou,CN,2021-12-20 22:14:05,21.9392,110.8461,57.45,89,100,7.4
411,Kanigoro,ID,2021-12-20 22:14:05,-8.13,112.219,73.78,95,100,4.0
412,Tuatapere,NZ,2021-12-20 22:14:05,-46.1333,167.6833,59.83,79,96,15.41
413,Takoradi,GH,2021-12-20 22:14:06,4.8845,-1.7554,80.4,77,58,7.52
414,San Pedro,PH,2021-12-20 22:10:41,14.35,121.0167,76.32,90,29,5.79
415,Alice Springs,AU,2021-12-20 22:14:07,-23.7,133.8833,78.35,25,40,1.14
416,Buchanan,LR,2021-12-20 22:14:08,5.8808,-10.0467,80.62,83,34,7.65
417,Namtsy,RU,2021-12-20 22:14:09,62.7161,129.6658,-54.29,100,72,0.65
418,Merrill,US,2021-12-20 22:14:09,45.1805,-89.6835,28.58,50,1,11.5
419,Yuzhne,UA,2021-12-20 22:14:10,46.6221,31.1013,34.02,75,31,18.77
420,Jiwani,PK,2021-12-20 22:14:10,25.05,61.7417,72.99,76,80,10.98
421,Gondar,ET,2021-12-20 22:14:10,12.6,37.4667,57.54,79,72,3.69
422,Majene,ID,2021-12-20 22:14:11,-3.5403,118.9707,76.71,85,100,6.38
423,Sioux Lookout,CA,2021-12-20 22:14:11,50.1001,-91.917,0.95,88,100,10.69
424,Shache,CN,2021-12-20 22:14:11,38.4167,77.2406,30.7,43,100,3.29
425,Kushima,JP,2021-12-20 22:14:12,31.4583,131.2333,45.12,78,100,3.87
426,Xuddur,SO,2021-12-20 22:14:12,4.1213,43.8894,78.24,64,94,12.91
427,Raga,SS,2021-12-20 22:14:13,8.4596,25.678,73.02,26,67,3.56
428,Nishihara,JP,2021-12-20 22:11:11,26.1842,127.7558,63.68,64,75,4.61
429,Wanning,CN,2021-12-20 22:14:13,18.8003,110.3967,65.17,89,89,7.83
430,Catamarca,AR,2021-12-20 22:14:13,-28.4696,-65.7852,95.77,32,99,4.0
431,Ciudad Bolivar,VE,2021-12-20 22:14:14,8.1222,-63.5497,81.52,72,95,11.68
432,Sidi Ali,DZ,2021-12-20 22:14:14,36.0998,0.4206,54.36,73,93,3.71
433,Saint-Pierre,RE,2021-12-20 22:14:15,-21.3393,55.4781,76.68,82,0,6.91
434,Teknaf,BD,2021-12-20 22:14:15,20.8624,92.3058,61.81,74,0,8.55
435,Reitz,ZA,2021-12-20 22:14:18,-27.8014,28.4273,56.37,82,30,6.73
436,El Mante,MX,2021-12-20 22:14:19,22.7333,-98.9667,72.36,57,48,4.54
437,Praia Da Vitoria,PT,2021-12-20 22:14:19,38.7333,-27.0667,60.76,86,41,19.48
438,Kibala,TD,2021-12-20 22:14:20,9.1104,18.3463,78.62,28,19,5.21
439,Livadiya,RU,2021-12-20 22:14:20,42.8692,132.6764,29.21,66,22,14.45
440,Denpasar,ID,2021-12-20 22:11:09,-8.65,115.2167,78.46,94,40,3.44
441,Meiringen,CH,2021-12-20 22:14:21,46.7268,8.184,32.14,56,75,1.99
442,Tabas,IR,2021-12-20 22:14:22,33.5959,56.9244,59.5,51,98,4.23
443,Bihariganj,IN,2021-12-20 22:14:22,25.7333,86.9833,54.84,58,5,7.63
444,Ekhabi,RU,2021-12-20 22:14:23,53.5102,142.9671,-1.71,88,98,4.99
445,Winneba,GH,2021-12-20 22:14:23,5.3511,-0.6231,79.63,75,10,7.02
446,Ahipara,NZ,2021-12-20 22:14:23,-35.1667,173.1667,69.76,63,100,4.65
447,Ati,TD,2021-12-20 22:14:24,13.2154,18.3353,72.5,19,1,16.51
448,Viedma,AR,2021-12-20 22:14:24,-40.8135,-62.9967,73.62,46,96,16.42
449,Whitehorse,CA,2021-12-20 22:15:25,60.7161,-135.0538,2.17,85,90,4.61
450,Laguna,US,2021-12-20 22:15:25,38.421,-121.4238,54.95,84,75,1.01
451,Yaan,NG,2021-12-20 22:15:25,7.3833,8.5667,79.3,22,4,7.11
452,Barabai,ID,2021-12-20 22:15:25,-2.5833,115.3833,72.93,98,100,0.65
453,Asau,RO,2021-12-20 22:15:26,46.4333,26.4,30.76,87,77,4.92
454,Vanersborg,SE,2021-12-20 22:15:26,58.3807,12.3234,25.74,93,90,1.14
455,Abbeville,FR,2021-12-20 22:15:27,50.1,1.8333,42.49,72,93,6.06
456,Maraa,BR,2021-12-20 22:15:29,-1.8333,-65.3667,77.63,96,100,2.93
457,Nantucket,US,2021-12-20 22:15:26,41.2835,-70.0995,33.1,76,35,7.23
458,Polson,US,2021-12-20 22:15:29,47.6936,-114.1632,26.6,93,100,1.39
459,Matara,LK,2021-12-20 22:15:29,5.9485,80.5353,75.04,92,58,4.85
460,Bull Savanna,JM,2021-12-20 22:15:30,17.8868,-77.5902,78.03,68,2,8.32
461,Shetpe,KZ,2021-12-20 22:15:30,44.1667,52.1167,44.71,88,4,17.47
462,Codrington,AU,2021-12-20 22:15:30,-38.2667,141.9667,63.28,63,100,12.59
463,Dongsheng,CN,2021-12-20 22:15:31,39.8161,109.9776,23.13,39,0,8.3
464,Mana,GF,2021-12-20 22:15:31,5.6592,-53.7767,78.66,88,100,7.11
465,Pampierstad,ZA,2021-12-20 22:15:32,-27.7832,24.6877,73.38,51,100,1.34
466,Burns Lake,CA,2021-12-20 22:14:15,54.2331,-125.7533,11.75,77,45,2.26
467,Boone,US,2021-12-20 22:15:33,39.0334,-92.3335,52.65,73,0,1.99
468,Manitouwadge,CA,2021-12-20 22:15:33,49.1215,-85.8403,11.12,81,100,10.65
469,Vuktyl,RU,2021-12-20 22:15:33,63.8567,57.3094,-4.99,78,100,8.95
470,Tura,IN,2021-12-20 22:15:34,25.5198,90.2201,55.78,68,2,4.59
471,Jacmel,HT,2021-12-20 22:15:34,18.2342,-72.5347,82.24,72,9,2.1
472,Fort Nelson,CA,2021-12-20 22:15:05,58.8053,-122.7002,8.29,91,100,1.81
473,Los Llanos De Aridane,ES,2021-12-20 22:15:35,28.6585,-17.9182,64.15,93,0,3.0
474,Dodge City,US,2021-12-20 22:15:36,37.7528,-100.0171,53.64,41,1,10.0
475,Amuntai,ID,2021-12-20 22:15:36,-2.4177,115.2494,72.61,99,100,0.89
476,Niihama,JP,2021-12-20 22:15:36,33.9593,133.3167,49.41,69,80,9.48
477,Bolshevik,BY,2021-12-20 22:15:37,54.0065,27.5692,13.62,76,99,13.49
478,Ludvika,SE,2021-12-20 22:15:37,60.1496,15.1878,20.03,82,88,2.26
479,Avrameni,RO,2021-12-20 22:15:38,48.0167,26.95,32.25,70,44,16.28
480,Bereda,ES,2021-12-20 22:15:38,43.2686,-7.5406,53.35,90,98,1.79
481,Ust-Nera,RU,2021-12-20 22:15:38,64.5667,143.2,-41.73,100,87,1.57
482,Alekseyevsk,RU,2021-12-20 22:15:38,57.8406,108.3492,-50.12,100,60,0.58
483,Bacolod,PH,2021-12-20 22:15:39,10.6667,122.95,75.87,86,93,7.47
484,Zhanaozen,KZ,2021-12-20 22:15:39,43.3,52.8,45.7,81,0,15.52
485,Oranjestad,AW,2021-12-20 22:15:40,12.524,-70.027,80.91,80,40,4.0
486,Pacific Grove,US,2021-12-20 22:15:40,36.6177,-121.9166,58.08,64,100,7.0
487,Bon Air,US,2021-12-20 22:13:10,37.5249,-77.5578,38.86,64,1,9.22
488,Shitanjing,CN,2021-12-20 22:15:41,39.2342,106.3439,32.63,15,0,8.79
489,Galle,LK,2021-12-20 22:15:41,6.0367,80.217,77.77,85,47,3.06
490,Saint-Augustin,CA,2021-12-20 22:15:42,51.226,-58.6502,7.36,75,0,12.41
491,Zhicheng,CN,2021-12-20 22:15:42,30.2956,111.5047,49.64,70,0,3.29
492,Salalah,OM,2021-12-20 22:15:43,17.0151,54.0924,75.29,73,40,5.75
493,Nelson Bay,AU,2021-12-20 22:15:43,-32.7167,152.15,85.28,79,0,6.22
494,Gandevi,IN,2021-12-20 22:15:43,20.8167,72.9833,63.88,38,1,6.55
495,Thohoyandou,ZA,2021-12-20 22:16:43,-22.9456,30.485,65.32,81,97,1.07
496,The Valley,AI,2021-12-20 22:16:44,18.217,-63.0578,79.11,73,40,8.05
497,Belfast,GB,2021-12-20 22:14:43,54.5833,-5.9333,45.12,78,90,4.61
498,Tabuk,PH,2021-12-20 22:16:44,17.4189,121.4443,70.9,95,77,3.76
499,Ulladulla,AU,2021-12-20 22:16:45,-35.35,150.4667,74.77,53,18,2.8
500,Yelan,RU,2021-12-20 22:16:45,50.949,43.7378,22.93,94,22,6.31
501,Paita,PE,2021-12-20 22:16:45,-5.0892,-81.1144,75.76,75,80,12.46
502,Sunrise Manor,US,2021-12-20 22:16:46,36.2111,-115.0731,58.19,28,20,8.05
503,Olafsvik,IS,2021-12-20 22:16:47,64.8945,-23.7142,40.89,83,91,6.04
504,Lewistown,US,2021-12-20 22:16:47,40.5992,-77.5714,37.26,81,1,0.0
505,Marsh Harbour,BS,2021-12-20 22:16:47,26.5412,-77.0636,76.3,76,48,2.95
506,Andra,RU,2021-12-20 22:16:48,62.5147,65.8878,-3.42,98,100,8.16
507,Kalabo,ZM,2021-12-20 22:16:48,-14.97,22.6814,68.92,86,74,4.56
508,Scottsbluff,US,2021-12-20 22:16:48,41.8666,-103.6672,36.03,69,90,12.66
509,Pangnirtung,CA,2021-12-20 22:16:49,66.1451,-65.7125,6.8,85,90,12.66
510,Lavumisa,SZ,2021-12-20 22:16:49,-27.31,31.892,68.25,89,92,1.95
511,Bajil,YE,2021-12-20 22:16:49,15.0584,43.2851,76.71,72,6,3.56
512,Funadhoo,MV,2021-12-20 22:16:50,6.15,73.2667,80.51,79,9,11.05
513,Fortuna,US,2021-12-20 22:12:44,40.5982,-124.1573,60.66,67,40,5.01
514,Berezovyy,RU,2021-12-20 22:12:15,51.6667,135.7,-3.78,98,100,3.2
515,Biak,ID,2021-12-20 22:16:51,-0.9131,122.8766,76.87,79,100,3.36
516,Tieli,CN,2021-12-20 22:16:51,46.95,128.05,-6.5,96,100,10.98
517,Berlevag,NO,2021-12-20 22:16:52,70.8578,29.0864,24.75,80,75,4.61
518,Jumla,NP,2021-12-20 22:15:04,29.2747,82.1838,32.74,41,19,4.83
519,Haines Junction,CA,2021-12-20 22:16:54,60.7522,-137.5108,-2.25,78,100,1.14
520,Hervey Bay,AU,2021-12-20 22:16:58,-25.2986,152.8535,82.04,65,65,3.69
521,Verkh-Usugli,RU,2021-12-20 22:16:58,52.7,115.1667,-21.44,91,3,2.64
522,Srednekolymsk,RU,2021-12-20 22:16:58,67.45,153.6833,-18.89,98,100,19.69
523,Broome,US,2021-12-20 22:16:59,42.2506,-75.833,33.84,65,1,3.0
524,Turukhansk,RU,2021-12-20 22:16:59,65.8167,87.9833,-34.71,95,16,3.13
525,Taua,BR,2021-12-20 22:17:00,-5.9667,-40.3,90.14,33,86,8.46
526,Ruthin,GB,2021-12-20 22:17:00,53.1137,-3.3178,40.91,91,93,1.01
527,Los Algarrobos,PA,2021-12-20 22:17:01,8.5,-82.4333,83.46,78,40,10.36
528,Sangueya,GN,2021-12-20 22:17:01,10.7,-14.3667,76.17,69,57,2.44
529,San Rafael,AR,2021-12-20 22:17:01,-34.6177,-68.3301,92.41,30,0,8.37
530,Roebourne,AU,2021-12-20 22:17:03,-20.7833,117.1333,85.96,53,41,6.82
531,North Bend,US,2021-12-20 22:17:03,43.4065,-124.2243,52.92,100,90,3.44
532,Coquimbo,CL,2021-12-20 22:17:04,-29.9533,-71.3436,62.33,82,75,10.36
533,Conroe,US,2021-12-20 22:14:08,30.3119,-95.456,57.7,75,40,0.0
534,Alyangula,AU,2021-12-20 22:17:05,-13.8483,136.4192,83.88,68,99,4.56
535,Cap Malheureux,MU,2021-12-20 22:17:05,-19.9842,57.6142,77.49,74,64,1.01
536,Ondjiva,AO,2021-12-20 22:17:05,-17.0667,15.7333,79.81,42,58,11.1
537,Chicama,PE,2021-12-20 22:17:06,-7.8447,-79.1469,66.74,67,86,9.01
538,Mariental,NA,2021-12-20 22:17:06,-24.6333,17.9667,75.38,45,60,11.18
539,Sawakin,SD,2021-12-20 22:17:06,19.1059,37.3321,74.89,69,100,18.54
540,Chukhloma,RU,2021-12-20 22:17:07,58.7525,42.6825,6.96,93,100,8.48
541,Kilimatinde,TZ,2021-12-20 22:18:07,-5.85,34.95,68.54,83,80,3.29
